material_id,anomaly_vote_count,is_hdbscan_noise,is_low_probability,is_isolation_forest_anomaly,relative_energy,energy,isolation_forest_score,hdbscan_cluster,hdbscan_probability
C-40124-9886-50,3,1,1,1,0.1495996666666599,-154.40738533333334,-0.5621097318199448,-1,0.0
C-101121-514-62,3,1,1,1,0.3353962500000023,-154.22158875,-0.5661151262075674,-1,0.0
C-57220-4652-35,3,1,1,1,0.2366494444444526,-154.32033555555554,-0.560825372044334,-1,0.0
C-192672-505-73,3,1,1,1,0.2476460000000031,-154.309339,-0.5351073357704864,-1,0.0
C-102862-9284-15,3,1,1,1,0.4833618749999857,-154.073623125,-0.5610413340322349,-1,0.0
C-90863-258-34,3,1,1,1,0.1030491666666648,-154.45393583333333,-0.5590433810166853,-1,0.0
C-194844-3110-45,3,1,1,1,0.4682227777777541,-154.08876222222224,-0.5551790340159488,-1,0.0
C-137399-7235-5,3,1,1,1,0.3808022222222007,-154.1761827777778,-0.5707977074289103,-1,0.0
C-72716-3406-49,3,1,1,1,0.2417686666666725,-154.31521633333332,-0.5334430456759894,-1,0.0
C-177244-4718-32,3,1,1,1,0.3743350000000021,-154.18265,-0.5372989282162804,-1,0.0
C-130238-8833-69,3,1,1,1,0.4518604166666762,-154.10512458333332,-0.5789526837539997,-1,0.0
C-90802-910-33,3,1,1,1,0.4861799999999903,-154.070805,-0.5370213554077756,-1,0.0
C-136343-9761-76,3,1,1,1,0.4298045833333219,-154.12718041666668,-0.60485780177299,-1,0.0
C-107774-3668-16,3,1,1,1,0.4622437499999989,-154.09474125,-0.5377444938642454,-1,0.0
C-101123-9392-3,3,1,1,1,0.4799620000000004,-154.077023,-0.5591168564351382,-1,0.0
C-149237-396-17,3,1,1,1,0.366831999999988,-154.190153,-0.5813193447559829,-1,0.0
C-13638-5850-38,3,1,1,1,0.4605374999999867,-154.0964475,-0.5341475797912897,-1,0.0
C-91020-3018-63,3,1,1,1,0.3324536363636241,-154.22453136363637,-0.5948524607474983,-1,0.0
C-104350-5208-24,3,1,1,1,0.4293579166666461,-154.12762708333335,-0.5886929407754253,-1,0.0
C-102767-239-16,3,1,1,1,0.1431077777777432,-154.41387722222225,-0.5295482562000275,-1,0.0
C-102868-8745-31,3,1,1,1,0.4509850000000028,-154.106,-0.5347691434590127,-1,0.0
C-150735-7115-7,3,1,1,1,0.4117386363636512,-154.14524636363635,-0.5705126345868116,-1,0.0
C-72748-2386-11,3,1,1,1,0.3564026666666677,-154.20058233333333,-0.5509288312886,-1,0.0
C-41276-8743-34,3,1,1,1,0.4863864285714498,-154.07059857142855,-0.5723861346800643,-1,0.0
C-102791-614-58,3,1,1,1,0.3564861111111099,-154.2004988888889,-0.5573339174222108,-1,0.0
C-34617-8887-24,3,1,1,1,0.4884958333333316,-154.06848916666667,-0.5488138894881395,-1,0.0
C-189744-1391-22,3,1,1,1,0.3140859999999748,-154.24289900000002,-0.5801848040617686,-1,0.0
C-57113-4466-66,3,1,1,1,0.2767318749999958,-154.280253125,-0.5827816515715518,-1,0.0
C-142753-3906-21,3,1,1,1,0.4487916666666649,-154.10819333333333,-0.5516395148776835,-1,0.0
C-130226-8288-23,3,1,1,1,0.1913131818181739,-154.36567181818182,-0.5937870196578326,-1,0.0
C-41292-3626-41,3,1,1,1,0.3700039999999944,-154.186981,-0.6000439696460892,-1,0.0
C-57186-353-26,3,1,1,1,0.3678822222222209,-154.18910277777778,-0.5330990579064914,-1,0.0
C-150741-903-54,3,1,1,1,0.4507040909090847,-154.1062809090909,-0.5421828276907862,-1,0.0
C-72748-2386-16,3,1,1,1,0.4578280000000063,-154.099157,-0.557408058170597,-1,0.0
C-13638-5850-50,3,1,1,1,0.2357687500000054,-154.32121625,-0.5458511662697058,-1,0.0
C-50227-3962-68,3,1,1,1,0.3724509999999839,-154.184534,-0.5421892826327896,-1,0.0
C-13893-8599-14,3,1,1,1,0.4594742857142648,-154.09751071428573,-0.5509442681639627,-1,0.0
C-149223-9516-40,3,1,1,1,0.3007466666666687,-154.25623833333333,-0.5454767425855055,-1,0.0
C-192678-8086-53,3,1,1,1,0.4624274999999898,-154.0945575,-0.554346849859606,-1,0.0
C-56491-7685-22,3,1,1,1,0.4743474999999932,-154.0826375,-0.545845283217433,-1,0.0
C-126149-3704-47,3,1,1,1,0.390817142857145,-154.16616785714285,-0.5380171451617081,-1,0.0
C-22153-2862-44,3,1,1,1,0.4811268181818207,-154.07585818181818,-0.5615899638343108,-1,0.0
C-145340-6787-33,3,1,1,1,0.1503987499999937,-154.40658625,-0.544809030429067,-1,0.0
C-142803-3273-14,3,1,1,1,0.4438775000000134,-154.11310749999998,-0.5273053322820381,-1,0.0
C-194760-3177-27,3,1,1,1,0.3650099999999838,-154.191975,-0.5656026517600943,-1,0.0
C-126151-6380-27,3,1,1,1,0.255677333333324,-154.30130766666667,-0.5353536488786806,-1,0.0
C-192674-8420-26,3,1,1,1,0.4338205555555419,-154.12316444444446,-0.5422289231909965,-1,0.0
C-80191-3962-57,3,1,1,1,0.4623024999999927,-154.0946825,-0.5607491420667209,-1,0.0
C-76028-1827-7,3,1,1,1,0.4773950000000013,-154.07959,-0.535589517082299,-1,0.0
C-130544-211-48,3,1,1,1,0.3805549999999869,-154.17643,-0.5863050072277768,-1,0.0
C-127243-9480-44,3,1,1,1,0.0931433333333302,-154.46384166666667,-0.6056785239072712,-1,0.0
C-9643-4757-34,3,1,1,1,0.4420516666666572,-154.11493333333334,-0.5469908937726456,-1,0.0
C-137439-5086-66,3,1,1,1,0.48288041666666,-154.07410458333334,-0.594799165791151,-1,0.0
C-80178-6213-37,3,1,1,1,0.3415493749999996,-154.215435625,-0.5437475444207028,-1,0.0
C-107766-482-1,3,1,1,1,0.438243749999998,-154.11874125,-0.5832272552227842,-1,0.0
C-13651-5621-22,3,1,1,1,0.3581125000000043,-154.1988725,-0.5484403725417372,-1,0.0
C-106050-7680-40,3,1,1,1,0.2072744444444367,-154.34971055555556,-0.5502812596910749,-1,0.0
C-73661-6434-34,3,1,1,1,0.4812087500000075,-154.07577625,-0.5294740249250206,-1,0.0
C-57126-7464-48,3,1,1,1,0.3208483333333163,-154.23613666666668,-0.5316764524124699,-1,0.0
C-13671-2117-1,3,1,1,1,0.4895541666666645,-154.06743083333333,-0.5838101825068872,-1,0.0
C-34649-5321-62,3,1,1,1,0.4869818749999979,-154.070003125,-0.5421121863268312,-1,0.0
C-80142-2852-17,3,1,1,1,0.398508333333325,-154.15847666666667,-0.5797254199041189,-1,0.0
C-192688-513-21,3,1,1,1,0.4699600000000146,-154.08702499999998,-0.569693771206669,-1,0.0
C-177236-5768-23,3,1,1,1,0.4411066666666556,-154.11587833333334,-0.557187587367756,-1,0.0
C-22118-8701-36,3,1,1,1,0.3232325000000173,-154.23375249999998,-0.5832003381833474,-1,0.0
C-72728-4135-4,3,1,1,1,0.3039400000000114,-154.253045,-0.573059312068446,-1,0.0
C-193928-6141-28,3,1,1,1,0.3631206666666742,-154.19386433333332,-0.5293487541191219,-1,0.0
C-127249-557-33,3,1,1,1,0.2986595833333183,-154.25832541666668,-0.556916985646855,-1,0.0
C-130262-6085-56,3,1,1,1,0.3252645000000029,-154.2317205,-0.5491085677648528,-1,0.0
C-90841-9811-65,3,1,1,1,0.3474883333333309,-154.20949666666667,-0.582927504128458,-1,0.0
C-57158-3314-39,3,1,1,1,0.2706137499999954,-154.28637125,-0.545492074462979,-1,0.0
C-57211-479-64,3,1,1,1,0.4795861111111037,-154.0773988888889,-0.5735711174034676,-1,0.0
C-22151-3781-63,3,1,1,1,0.3226879999999994,-154.234297,-0.5733546669456512,-1,0.0
C-50212-2087-7,3,1,1,1,0.462834545454541,-154.09415045454546,-0.5856388537546012,-1,0.0
C-22169-846-66,3,1,1,1,0.4551795833333187,-154.10180541666668,-0.5927340479989143,-1,0.0
C-177260-5773-15,3,1,1,1,0.2542100000000005,-154.302775,-0.5738230522193528,-1,0.0
C-194765-4540-59,3,1,1,1,0.3502866666666762,-154.20669833333332,-0.6068836814255506,-1,0.0
C-150709-2118-3,3,1,1,1,0.2230815000000063,-154.3339035,-0.5443052172684761,-1,0.0
C-127257-4616-50,3,1,1,1,0.4779190000000142,-154.07906599999998,-0.5530414075902991,-1,0.0
C-192676-3603-16,3,1,1,1,0.4251890909090718,-154.13179590909093,-0.5740831136777196,-1,0.0
C-27845-1023-51,3,1,1,1,0.4506179999999915,-154.106367,-0.5460107930572323,-1,0.0
C-9646-232-1,3,1,1,1,0.4711025000000006,-154.0858825,-0.5274961051859722,-1,0.0
C-141053-1510-43,3,1,1,1,0.0244079999999939,-154.532577,-0.5566459113006789,-1,0.0
C-27825-6811-55,3,1,1,1,0.4619086363636313,-154.09507636363637,-0.5915965317902194,-1,0.0
C-113030-1519-32,3,1,1,1,0.4764268749999871,-154.080558125,-0.5631563009497937,-1,0.0
C-50193-9785-51,3,1,1,1,0.4463409999999896,-154.110644,-0.5351219554083304,-1,0.0
C-193920-1389-50,3,1,1,1,0.4121559999999817,-154.14482900000002,-0.5448386335469426,-1,0.0
C-130505-1819-49,3,1,1,1,0.4364542857142908,-154.1205307142857,-0.536635652302083,-1,0.0
C-80160-4880-60,3,1,1,1,0.2931256249999876,-154.263859375,-0.5336283205689256,-1,0.0
C-126159-6870-18,3,1,1,1,0.4738585714285648,-154.08312642857143,-0.5276608851947292,-1,0.0
C-150727-9004-36,3,1,1,1,0.3262949999999875,-154.23069,-0.5512074986702818,-1,0.0
C-136393-5526-25,3,1,1,1,0.3793977272727034,-154.1775872727273,-0.5840104919109002,-1,0.0
C-102785-6832-52,3,1,1,1,0.3160195000000101,-154.2409655,-0.5963551899580425,-1,0.0
C-145298-5550-53,3,1,1,1,0.3603191666666703,-154.19666583333333,-0.5521286300463182,-1,0.0
C-176681-3152-16,3,1,1,1,0.4286776666666583,-154.12830733333334,-0.5710675342600833,-1,0.0
C-170329-7952-13,3,1,1,1,0.332779285714281,-154.22420571428572,-0.5755818983499338,-1,0.0
C-76020-2605-4,3,1,1,1,0.3684887500000116,-154.18849625,-0.5999596536322683,-1,0.0
C-137374-7576-11,3,1,1,1,0.3372705555555626,-154.21971444444443,-0.5371242213312777,-1,0.0
C-22120-3702-56,3,1,1,1,0.4768377777777743,-154.08014722222222,-0.5818545462369469,-1,0.0
C-142827-3466-30,3,1,1,1,0.4142945454545383,-154.14269045454546,-0.575453293911929,-1,0.0
C-177260-5773-11,3,1,1,1,0.3896849999999858,-154.1673,-0.530581958387698,-1,0.0
C-79922-9400-49,3,1,1,1,0.4748959090908897,-154.0820890909091,-0.5817663591411658,-1,0.0
C-136204-3885-26,3,1,1,1,0.1458384999999964,-154.4111465,-0.5450672891986302,-1,0.0
C-91012-8547-42,3,1,1,1,0.252218181818165,-154.30476681818183,-0.5594283214491227,-1,0.0
C-106899-908-24,3,1,1,1,0.3345516666666697,-154.22243333333333,-0.5539059585371784,-1,0.0
C-150715-7121-31,3,1,1,1,0.3958186363636287,-154.16116636363637,-0.5642730250464637,-1,0.0
C-50197-3582-32,3,1,1,1,0.3332499999999925,-154.223735,-0.5690856879989271,-1,0.0
C-27819-7124-63,3,1,1,1,0.4163355000000024,-154.1406495,-0.5434827480582537,-1,0.0
C-172935-9081-9,3,1,1,1,0.3708169999999882,-154.186168,-0.5864285727326403,-1,0.0
C-34653-3008-18,3,1,1,1,0.4758474999999862,-154.0811375,-0.5427194690208343,-1,0.0
C-22159-1917-16,3,1,1,1,0.4607262499999933,-154.09625875,-0.5962987809053897,-1,0.0
C-47658-6013-30,3,1,1,1,0.1184225000000083,-154.4385625,-0.5731221526384377,-1,0.0
C-177284-4704-12,3,1,1,1,0.4861866666666685,-154.07079833333333,-0.5742395231951594,-1,0.0
C-170920-9068-3,3,1,1,1,0.4896406249999927,-154.067344375,-0.5469811034859483,-1,0.0
C-137385-5334-48,3,1,1,1,0.2136309999999923,-154.343354,-0.5534757492258457,-1,0.0
C-127234-5571-15,3,1,1,1,0.4810765000000003,-154.0759085,-0.551568184184973,-1,0.0
C-194844-3110-24,3,1,1,1,0.450608181818211,-154.1063768181818,-0.5596871560344291,-1,0.0
C-184074-4085-47,3,1,1,1,0.3903359999999907,-154.166649,-0.5274943677844222,-1,0.0
C-136347-2764-38,3,1,1,1,0.4601562500000113,-154.09682875,-0.5661718757113473,-1,0.0
C-106889-5288-34,3,1,1,1,0.3570187500000088,-154.19996625,-0.535010001794049,-1,0.0
C-130236-8568-66,3,1,1,1,0.4561544444444507,-154.10083055555555,-0.5302924064548,-1,0.0
C-172947-9910-11,3,1,1,1,0.1009083333333364,-154.45607666666666,-0.5758171840158424,-1,0.0
C-73647-3984-46,3,1,1,1,0.3750225,-154.1819625,-0.5633377767765483,-1,0.0
C-149241-6086-54,3,1,1,1,0.4582304545454576,-154.09875454545454,-0.5411723573441221,-1,0.0
C-28228-7733-13,3,1,1,1,0.4858209999999872,-154.071164,-0.5564747631985735,-1,0.0
C-56487-1364-46,3,1,1,1,0.4018262499999991,-154.15515875,-0.5297480904588716,-1,0.0
C-148252-2749-54,3,1,1,1,0.4882562500000063,-154.06872875,-0.5317477880609964,-1,0.0
C-148219-4273-26,3,1,1,1,0.0129962499999862,-154.54398875,-0.5375353427944641,-1,0.0
C-57225-6021-50,3,1,1,1,0.4331668181818031,-154.1238181818182,-0.5599709078481375,-1,0.0
C-104330-9065-48,3,1,1,1,0.4863472222222356,-154.07063777777776,-0.5316687777440496,-1,0.0
C-137427-8292-72,3,1,1,1,0.4700924999999927,-154.0868925,-0.5930886842604389,-1,0.0
C-102787-7037-19,3,1,1,1,0.4732049999999788,-154.08378000000002,-0.5622750570913885,-1,0.0
C-137421-6940-46,3,1,1,1,0.2475068181818187,-154.30947818181818,-0.5586403174993139,-1,0.0
C-73639-7493-38,3,1,1,1,0.3645850000000052,-154.1924,-0.5366878709502958,-1,0.0
C-141041-1809-37,3,1,1,1,0.4762308333333465,-154.08075416666665,-0.563802722563461,-1,0.0
C-142755-3271-6,3,1,1,1,0.3456283333333374,-154.21135666666666,-0.5451814604888012,-1,0.0
C-176637-1600-35,3,1,1,1,0.4896699999999896,-154.067315,-0.5439562785670781,-1,0.0
C-79916-1840-1,3,1,1,1,0.455435499999993,-154.1015495,-0.5675431512126203,-1,0.0
C-57148-8436-7,3,1,1,1,0.3947443749999877,-154.162240625,-0.604119607926791,-1,0.0
C-150707-6192-11,3,1,1,1,0.304553999999996,-154.252431,-0.5866394632717463,-1,0.0
C-170382-4594-25,3,1,1,1,0.146065666666658,-154.41091933333334,-0.5450672891986302,-1,0.0
C-57189-1444-34,3,1,1,1,0.484591249999994,-154.07239375,-0.5448785500732483,-1,0.0
C-102779-953-51,3,1,1,1,0.4879620000000102,-154.069023,-0.5532622476048458,-1,0.0
C-170362-9529-14,3,1,1,1,0.4614242857142869,-154.0955607142857,-0.5563281118650398,-1,0.0
C-27817-3201-54,3,1,1,1,0.3134204166666734,-154.24356458333332,-0.581282103892591,-1,0.0
C-106067-9179-3,3,1,1,1,0.3805322222222287,-154.17645277777777,-0.541220678359564,-1,0.0
C-126151-6380-24,3,1,1,1,0.1477243333333433,-154.40926066666665,-0.5369818263772874,-1,0.0
C-189715-4459-35,3,1,1,1,0.4794971428571557,-154.07748785714284,-0.5419656877768977,-1,0.0
C-40114-7976-48,3,1,1,1,0.4793541666666669,-154.07763083333333,-0.5452781868119482,-1,0.0
C-145340-6787-56,3,1,1,1,0.4408499999999833,-154.116135,-0.5324160461520723,-1,0.0
C-106067-9179-12,3,1,1,1,0.2191919999999925,-154.337793,-0.5482108709720378,-1,0.0
C-157693-2980-48,3,1,1,1,0.4121159999999975,-154.144869,-0.5797845040796303,-1,0.0
C-56505-7826-29,3,1,1,1,0.3976341666666769,-154.15935083333332,-0.5347961928816112,-1,0.0
C-56514-5809-14,3,1,1,1,0.4795858333333456,-154.07739916666665,-0.5607695915762132,-1,0.0
C-130242-4586-60,3,1,1,1,0.4553569999999922,-154.101628,-0.5348388310043488,-1,0.0
C-150729-2084-17,3,1,1,1,0.4344261111111223,-154.12255888888888,-0.5820127243664854,-1,0.0
C-13923-8552-41,3,1,1,1,0.148143333333337,-154.40884166666666,-0.5304414707113556,-1,0.0
C-177264-2024-41,3,1,1,1,0.4715975000000014,-154.0853875,-0.5439910480355683,-1,0.0
C-104307-940-37,3,1,1,1,0.4897305555555533,-154.06725444444444,-0.5516704256947844,-1,0.0
C-73651-4102-35,3,1,1,1,0.4899162499999931,-154.06706875,-0.53883800189546,-1,0.0
C-176683-1873-36,3,1,1,1,0.0077849999999841,-154.5492,-0.5519205481656408,-1,0.0
C-28266-8419-4,3,1,1,1,0.4564328571428575,-154.10055214285714,-0.552495117226678,-1,0.0
C-104299-1094-60,3,1,1,1,0.4233649999999898,-154.13362,-0.5616078686061797,-1,0.0
C-145323-1843-37,3,1,1,1,0.468196666666671,-154.08878833333333,-0.5277648350703958,-1,0.0
C-27851-6891-36,3,1,1,1,0.2737587499999847,-154.28322625,-0.5883486105657348,-1,0.0
C-92134-5968-14,3,1,1,1,0.0232753333333164,-154.53370966666668,-0.5574473847556459,-1,0.0
C-150713-29-34,3,1,1,1,0.3836979166666481,-154.17328708333335,-0.5661779427347512,-1,0.0
C-28262-8273-35,3,1,1,1,0.3673070000000109,-154.189678,-0.5501192283375679,-1,0.0
C-53808-9103-27,3,1,1,1,0.4370728571428515,-154.11991214285715,-0.5304942070898117,-1,0.0
C-150711-178-18,3,1,1,1,0.4452431818181708,-154.11174181818183,-0.5731379310135503,-1,0.0
C-91032-4468-24,3,1,1,1,0.3653525000000002,-154.1916325,-0.5920851032561719,-1,0.0
C-176646-2657-34,3,1,1,1,0.4667892857142703,-154.09019571428573,-0.5456747273776519,-1,0.0
C-170376-6835-27,3,1,1,1,0.4792819999999835,-154.077703,-0.5493891830172557,-1,0.0
C-101135-8572-19,3,1,1,1,0.4286738888888806,-154.12831111111112,-0.5896324568700434,-1,0.0
C-134160-6134-44,3,1,1,1,0.4830543749999947,-154.073930625,-0.5490542644545477,-1,0.0
C-79952-5088-68,3,1,1,1,0.4728944999999953,-154.0840905,-0.537935077438636,-1,0.0
C-40130-2113-9,3,1,1,1,0.3110056666666594,-154.24597933333334,-0.5271849643570116,-1,0.0
C-145355-492-49,3,1,1,1,0.4014474999999891,-154.1555375,-0.5324735799451581,-1,0.0
C-113030-1519-43,3,1,1,1,0.48275000000001,-154.074235,-0.5619064483800147,-1,0.0
C-145355-492-36,3,1,1,1,0.4602125000000114,-154.0967725,-0.5426126035400775,-1,0.0
C-192674-8420-7,3,1,1,1,0.3893249999999852,-154.16766,-0.548312411384244,-1,0.0
C-142755-3271-46,3,1,1,1,0.3961916666666809,-154.16079333333332,-0.5443027995331136,-1,0.0
C-79926-8191-30,3,1,1,1,0.3523455555555586,-154.20463944444444,-0.5814522782585899,-1,0.0
C-9612-1722-33,3,1,1,1,0.1843233333333387,-154.37266166666666,-0.5372157891423178,-1,0.0
C-137427-8292-52,3,1,1,1,0.2082918181818343,-154.34869318181816,-0.5840754478453675,-1,0.0
C-13659-6798-17,3,1,1,1,0.460329999999999,-154.096655,-0.55181024837667,-1,0.0
C-73617-587-6,3,1,1,1,0.4183262500000069,-154.13865875,-0.5414127650284248,-1,0.0
C-80166-8785-29,3,1,1,1,0.4015100000000018,-154.155475,-0.5427437644317027,-1,0.0
C-149239-4565-8,3,1,1,1,0.2551579999999944,-154.301827,-0.5535369329161121,-1,0.0
C-130561-7361-21,3,1,1,1,0.3826839999999833,-154.174301,-0.536783087186626,-1,0.0
C-27811-15-35,3,1,1,1,0.4874468181818088,-154.0695381818182,-0.560418019178595,-1,0.0
C-113030-1519-20,3,1,1,1,0.4720562500000085,-154.08492875,-0.5299669461604986,-1,0.0
C-149310-4812-64,3,1,1,1,0.458958999999993,-154.098026,-0.5583364861903445,-1,0.0
C-176637-1600-42,3,1,1,1,0.489767999999998,-154.067217,-0.5467151604619345,-1,0.0
C-22169-846-37,3,1,1,1,0.4731883333333258,-154.08379666666667,-0.5512790165619956,-1,0.0
C-127283-6070-34,3,1,1,1,0.4624568181818063,-154.0945281818182,-0.5818853950933212,-1,0.0
C-73669-4812-57,3,1,1,1,0.4742262499999867,-154.08275875,-0.5320484368235507,-1,0.0
C-27827-341-38,3,1,1,1,0.4384887500000047,-154.11849625,-0.5509377483507855,-1,0.0
C-149229-4857-69,3,1,1,1,0.4610120833333155,-154.09597291666668,-0.5679235010442601,-1,0.0
C-130248-7684-71,3,1,1,1,0.3947668181818073,-154.1622181818182,-0.5935911397286053,-1,0.0
C-102871-6259-15,3,1,1,1,0.4787306249999972,-154.078254375,-0.5394970041428006,-1,0.0
C-50227-3962-43,3,1,1,1,0.4835231818181853,-154.0734618181818,-0.5860877473150854,-1,0.0
C-13904-4247-40,3,1,1,1,0.4870778571428502,-154.06990714285715,-0.5881493119620463,-1,0.0
C-27839-8896-30,3,1,1,1,0.4071899999999857,-154.149795,-0.5568185037907216,-1,0.0
C-148256-2422-1,3,1,1,1,0.3906966666666562,-154.16628833333334,-0.543154714823083,-1,0.0
C-137397-5627-32,3,1,1,1,0.4885263636363675,-154.06845863636363,-0.5644538756406687,-1,0.0
C-106061-2758-66,3,1,1,1,0.283590833333335,-154.27339416666666,-0.6087777177022219,-1,0.0
C-141016-4064-42,3,1,1,1,0.0122278571428466,-154.54475714285715,-0.5279585903395452,-1,0.0
C-152597-8815-17,3,1,1,1,0.4388388333333353,-154.11814616666666,-0.5816392470669952,-1,0.0
C-134195-9130-16,3,1,1,1,0.3368074999999919,-154.2201775,-0.5469773781450751,-1,0.0
C-76038-158-56,3,1,1,1,0.4128687500000012,-154.14411625,-0.5665537539911748,-1,0.0
C-79901-998-58,3,1,1,1,0.4665166666666493,-154.09046833333335,-0.5497223889857727,-1,0.0
C-145313-1627-23,3,1,1,1,0.4544981249999864,-154.102486875,-0.5424540925428059,-1,0.0
C-104334-7299-2,3,1,1,1,0.4070505555555712,-154.14993444444443,-0.5981392369242257,-1,0.0
C-106855-9459-15,3,1,1,1,0.3636587499999848,-154.19332625,-0.5597211588678024,-1,0.0
C-90849-4956-57,3,1,1,1,0.4640474999999924,-154.0929375,-0.5627117440103171,-1,0.0
C-176633-3584-4,3,1,1,1,0.4046140000000093,-154.152371,-0.5471201462646388,-1,0.0
C-141039-9365-8,3,1,1,1,0.3636089999999967,-154.193376,-0.5482250311196957,-1,0.0
C-76020-2605-37,3,1,1,1,0.4668643750000001,-154.090120625,-0.5358540411556916,-1,0.0
C-137413-4081-20,3,1,1,1,0.4615311111110998,-154.0954538888889,-0.5270935918010747,-1,0.0
C-177268-8621-50,3,1,1,1,0.3505881250000016,-154.206396875,-0.5413406251758792,-1,0.0
C-101119-9746-10,3,1,1,1,0.112798749999996,-154.44418625,-0.5644953900580716,-1,0.0
C-148275-4529-56,3,1,1,1,0.190422500000011,-154.3665625,-0.5278526360060106,-1,0.0
C-177246-5869-54,3,1,1,1,0.3791875000000004,-154.1777975,-0.5470435780595637,-1,0.0
C-184058-8674-24,3,1,1,1,0.4510242857142827,-154.10596071428571,-0.5400768215061518,-1,0.0
C-127257-4616-74,3,1,1,1,0.468260999999984,-154.088724,-0.5351095598231184,-1,0.0
C-73629-2757-8,3,1,1,1,0.3331374999999923,-154.2238475,-0.5396451506872992,-1,0.0
C-194760-3177-41,3,1,1,1,0.4556505555555645,-154.10133444444443,-0.5845259114832239,-1,0.0
C-101109-4189-36,3,1,1,1,0.3551938888888912,-154.2017911111111,-0.5919950912105965,-1,0.0
C-130270-1229-57,3,1,1,1,0.1840394444444371,-154.37294555555556,-0.5427757093510593,-1,0.0
C-113032-4206-38,3,1,1,1,0.4043700000000001,-154.152615,-0.5839978400809168,-1,0.0
C-56491-7685-38,3,1,1,1,0.4297262499999874,-154.12725875,-0.5632823025224678,-1,0.0
C-134216-4713-28,3,1,1,1,0.3804262499999993,-154.17655875,-0.5448128989152164,-1,0.0
C-106857-1903-50,3,1,1,1,0.1225562500000023,-154.43442875,-0.5909029943630792,-1,0.0
C-101101-5503-13,3,1,1,1,0.3566179166666643,-154.20036708333333,-0.5817268956555374,-1,0.0
C-126167-1633-28,3,1,1,1,0.0233939999999961,-154.533591,-0.5608406956345423,-1,0.0
C-184054-4402-40,3,1,1,1,0.410521000000017,-154.14646399999998,-0.5791181458506525,-1,0.0
C-102761-1923-62,3,1,1,1,0.3415311111111236,-154.21545388888887,-0.5398444959388832,-1,0.0
C-170329-7952-20,3,1,1,1,0.296662166666664,-154.26032283333333,-0.5820811796469401,-1,0.0
C-106102-5152-34,3,1,1,1,0.4879329999999982,-154.069052,-0.5535940870165149,-1,0.0
C-91030-8-41,3,1,1,1,0.3655087500000036,-154.19147625,-0.6143104546698707,-1,0.0
C-141043-2496-16,3,1,1,1,0.4404457142857154,-154.11653928571428,-0.5338900340720555,-1,0.0
C-136391-8573-58,3,1,1,1,0.3888974999999846,-154.1680875,-0.5328589260547085,-1,0.0
C-27851-6891-24,3,1,1,1,0.3484483333333514,-154.20853666666665,-0.5459980288078389,-1,0.0
C-9620-6892-13,3,1,1,1,0.4018587500000024,-154.15512625,-0.5310194187443849,-1,0.0
C-136387-2750-58,3,1,1,1,0.3042038888888783,-154.25278111111112,-0.540212614743175,-1,0.0
C-104328-2692-22,3,1,1,1,0.372144999999989,-154.18484,-0.5822932705653164,-1,0.0
C-127236-582-5,3,1,1,1,0.4262316666666663,-154.13075333333333,-0.5545583442302316,-1,0.0
C-73669-4812-29,3,1,1,1,0.022664166666658,-154.53432083333334,-0.5610268528974338,-1,0.0
C-76008-2415-50,3,1,1,1,0.4004549999999938,-154.15653,-0.5374877854275562,-1,0.0
C-192659-5111-65,3,1,1,1,0.3840245000000095,-154.1729605,-0.5428540015383712,-1,0.0
C-177228-7508-32,3,1,1,1,0.4371600000000057,-154.119825,-0.5450862338710555,-1,0.0
C-91046-2845-30,3,1,1,1,0.2952683333333255,-154.26171666666667,-0.529780305853633,-1,0.0
C-130528-4330-22,3,1,1,1,0.3816057142857119,-154.17537928571429,-0.5550116702079583,-1,0.0
C-149227-3674-4,3,1,1,1,0.4583705555555468,-154.09861444444445,-0.568341615879107,-1,0.0
C-142842-6005-38,3,1,1,1,0.1635633333333146,-154.39342166666668,-0.5720397229752892,-1,0.0
C-148260-6843-32,3,1,1,1,0.2226206249999904,-154.334364375,-0.549198977801042,-1,0.0
C-177280-5724-13,3,1,1,1,0.4763441666666779,-154.08064083333332,-0.5471309634371706,-1,0.0
C-91050-1825-36,3,1,1,1,0.1091179999999951,-154.447867,-0.6170415173578588,-1,0.0
C-22129-4690-22,3,1,1,1,0.400258000000008,-154.156727,-0.5810020700853031,-1,0.0
C-80150-2770-11,3,1,1,1,0.471845624999986,-154.085139375,-0.5285905259219731,-1,0.0
C-102777-4934-49,3,1,1,1,0.414715000000001,-154.14227,-0.540975164806804,-1,0.0
C-72712-3931-13,3,1,1,1,0.3907489999999995,-154.166236,-0.5844826257489238,-1,0.0
C-56518-9542-53,3,1,1,1,0.4488408333333211,-154.10814416666668,-0.5312054534699199,-1,0.0
C-101135-8572-7,3,1,1,1,0.4638433333333296,-154.09314166666667,-0.5653235465741235,-1,0.0
C-142751-9264-57,3,1,1,1,0.3416912499999966,-154.21529375,-0.5430151000368576,-1,0.0
C-142763-5042-24,3,1,1,1,0.4176083333333338,-154.13937666666666,-0.571840292976885,-1,0.0
C-79932-2785-31,3,1,1,1,0.4332379999999887,-154.123747,-0.5403038913922337,-1,0.0
C-106089-2361-21,3,1,1,1,0.4578977272727229,-154.09908727272727,-0.5575474322622381,-1,0.0
C-172955-2457-50,3,1,1,1,0.3460578571428527,-154.21092714285714,-0.5685403895674626,-1,0.0
C-50218-5829-30,3,1,1,1,0.0223805555555713,-154.53460444444443,-0.5371957581962418,-1,0.0
C-106061-2758-8,3,1,1,1,0.4874133333333361,-154.06957166666666,-0.6362081406812153,-1,0.0
C-170342-4227-21,3,1,1,1,0.4751968333333423,-154.08178816666666,-0.5402910006530576,-1,0.0
C-141065-1801-3,3,1,1,1,0.2470014999999819,-154.30998350000002,-0.5388969166593456,-1,0.0
C-22116-5856-66,3,1,1,1,0.4895288888888842,-154.0674561111111,-0.5302849918005335,-1,0.0
C-13675-5908-54,3,1,1,1,0.4492587499999843,-154.10772625,-0.5347691434590127,-1,0.0
C-79946-706-56,3,1,1,1,0.3813061111110869,-154.1756788888889,-0.547158966210746,-1,0.0
C-106089-2361-25,3,1,1,1,0.4066645000000051,-154.1503205,-0.5597389320954222,-1,0.0
C-134183-9440-23,3,1,1,1,0.4657516666666481,-154.09123333333335,-0.5291987316973857,-1,0.0
C-137449-8558-14,3,1,1,1,0.4582355000000007,-154.0987495,-0.5723627967219257,-1,0.0
C-34633-9015-35,3,1,1,1,0.2717987499999879,-154.28518625,-0.5437288752565222,-1,0.0
C-72714-6010-16,3,1,1,1,0.1486188333333302,-154.40836616666667,-0.5679374247657522,-1,0.0
C-57113-4466-24,3,1,1,1,0.0075737500000059,-154.54941125,-0.5419597076718458,-1,0.0
C-136377-5342-56,3,1,1,1,0.0904611111110966,-154.4665238888889,-0.6043404185945298,-1,0.0
C-50225-6005-52,3,1,1,1,0.4553035000000136,-154.10168149999998,-0.5524640808348144,-1,0.0
C-148280-4021-21,3,1,1,1,0.4291943750000087,-154.127790625,-0.6242825624156624,-1,0.0
C-170906-4496-50,3,1,1,1,0.4903525000000002,-154.0666325,-0.5487311297130631,-1,0.0
C-136239-2356-19,3,1,1,1,0.3633166666666909,-154.1936683333333,-0.5353872744071164,-1,0.0
C-176637-1600-8,3,1,1,1,0.4777018333333274,-154.07928316666667,-0.5469625195001706,-1,0.0
C-130254-5014-48,3,1,1,1,0.4801681818181862,-154.0768168181818,-0.588116272864011,-1,0.0
C-194795-4126-13,3,1,1,1,0.439867222222233,-154.11711777777776,-0.5580761104513549,-1,0.0
C-73663-9884-13,3,1,1,1,0.0966866666666703,-154.46029833333333,-0.5574878951073778,-1,0.0
C-150731-2921-62,3,1,1,1,0.4357794999999953,-154.1212055,-0.5499456613659224,-1,0.0
C-107748-2637-44,3,1,1,1,0.3997958333333713,-154.15718916666663,-0.5329291907086942,-1,0.0
C-106098-9884-25,3,1,1,1,0.4888205000000027,-154.0681645,-0.5300683509415589,-1,0.0
C-145335-4867-37,3,1,1,1,0.3557774999999878,-154.2012075,-0.5479386831466972,-1,0.0
C-136251-4147-10,3,1,1,1,0.4343121428571521,-154.12267285714285,-0.5652000277905254,-1,0.0
C-22165-3877-67,3,1,1,1,0.3425909999999987,-154.214394,-0.5639179332685297,-1,0.0
C-27855-9019-35,3,1,1,1,0.4829704166666602,-154.07401458333334,-0.5741444657308261,-1,0.0
C-80166-8785-33,3,1,1,1,0.4744131249999839,-154.082571875,-0.564471003742786,-1,0.0
C-192651-1948-65,3,1,1,1,0.4244711111111314,-154.13251388888887,-0.5555867605305838,-1,0.0
C-145300-1207-46,3,1,1,1,0.4144462499999974,-154.14253875,-0.5515582003066649,-1,0.0
C-136381-1330-19,3,1,1,1,0.3174345833333234,-154.23955041666667,-0.5798527250104778,-1,0.0
C-106846-6379-28,3,1,1,1,0.3923958333333246,-154.16458916666667,-0.6082841989102794,-1,0.0
C-79946-706-37,3,1,1,1,0.2686716666666484,-154.28831333333335,-0.5489249391299528,-1,0.0
C-50231-4728-24,3,1,1,1,0.4644935000000032,-154.0924915,-0.6001096108148102,-1,0.0
C-13897-9657-23,3,1,1,1,0.248344666666668,-154.30864033333333,-0.5349541095758064,-1,0.0
C-134199-8894-35,3,1,1,1,0.4495225000000005,-154.1074625,-0.5472789215324461,-1,0.0
C-91030-8-31,3,1,1,1,0.4137136363636386,-154.14327136363636,-0.5988005024864388,-1,0.0
C-40110-5594-17,3,1,1,1,0.363568000000015,-154.19341699999998,-0.5309254770150269,-1,0.0
C-176681-3152-21,3,1,1,1,0.27692571428571,-154.2800592857143,-0.5327480274475442,-1,0.0
C-130232-8829-68,3,1,1,1,0.4349081818182014,-154.1220768181818,-0.5605056922775669,-1,0.0
C-150743-8064-44,3,1,1,1,0.368425454545445,-154.18855954545455,-0.5693065674436358,-1,0.0
C-142808-2016-71,3,1,1,1,0.3971794444444469,-154.15980555555555,-0.5309287786767661,-1,0.0
C-150731-2921-16,3,1,1,1,0.4841972727272718,-154.07278772727273,-0.5902742975536612,-1,0.0
C-106093-5872-67,3,1,1,1,0.4029463636363743,-154.15403863636362,-0.5670231880777952,-1,0.0
C-137439-5086-39,3,1,1,1,0.4414449999999874,-154.11554,-0.582847709121117,-1,0.0
C-28230-7089-10,3,1,1,1,0.3007578571428553,-154.25622714285714,-0.5461624536583511,-1,0.0
C-148240-6826-51,3,1,1,1,0.4685350000000028,-154.08845,-0.5703463415570906,-1,0.0
C-194833-9194-38,3,1,1,1,0.3801533333333395,-154.17683166666666,-0.6015466576144236,-1,0.0
C-150701-1347-13,3,1,1,1,0.4105788888888924,-154.1464061111111,-0.5338624490593341,-1,0.0
C-193932-9509-24,3,1,1,1,0.3399971428571291,-154.21698785714287,-0.532242110062924,-1,0.0
C-72740-7131-31,3,1,1,1,0.1480328333333034,-154.4089521666667,-0.5369818263772874,-1,0.0
C-106083-2333-69,3,1,1,1,0.3965350000000001,-154.16045,-0.5793389857744453,-1,0.0
C-170910-1502-65,3,1,1,1,0.3098662499999989,-154.24711875,-0.5357536527918416,-1,0.0
C-27857-3804-2,3,1,1,1,0.4044783333333157,-154.15250666666668,-0.5617634133144872,-1,0.0
C-137399-7235-12,3,1,1,1,0.4744704999999953,-154.0825145,-0.5471067292509539,-1,0.0
C-53838-1497-37,3,1,1,1,0.1959150000000136,-154.36106999999998,-0.5642759606702685,-1,0.0
C-57144-6540-46,3,1,1,1,0.3636031249999973,-154.193381875,-0.5315820671859552,-1,0.0
C-13889-6847-14,3,1,1,1,0.2395679999999913,-154.317417,-0.5317582859769745,-1,0.0
C-80202-9135-55,3,1,1,1,0.4880058333333466,-154.06897916666665,-0.5509016271441002,-1,0.0
C-126189-1477-33,3,1,1,1,0.4143599999999878,-154.142625,-0.5672758946717118,-1,0.0
C-136383-1442-2,3,1,1,1,0.446314000000001,-154.110671,-0.537875756155544,-1,0.0
C-9628-9669-19,3,1,1,1,0.4509874999999965,-154.1059975,-0.5535099670554928,-1,0.0
C-136338-8555-4,3,1,1,1,0.3468295833333457,-154.21015541666665,-0.604704988302644,-1,0.0
C-22165-3877-40,3,1,1,1,0.3972329999999999,-154.159752,-0.5325671391548397,-1,0.0
C-192668-6726-18,3,1,1,1,0.4769762499999785,-154.08000875000002,-0.566572430424041,-1,0.0
C-91056-811-16,3,1,1,1,0.4755759999999895,-154.081409,-0.5950734229369646,-1,0.0
C-145323-1843-4,3,1,1,1,0.2305149999999969,-154.32647,-0.538183935317398,-1,0.0
C-172959-1751-3,3,1,1,1,0.2794511111111148,-154.27753388888888,-0.5466229264095329,-1,0.0
C-27821-4829-2,3,1,1,1,0.3355877272727241,-154.22139727272727,-0.5643751425031339,-1,0.0
C-106073-1785-61,3,1,1,1,0.4901827272727246,-154.06680227272727,-0.567916806969464,-1,0.0
C-142798-9552-27,3,1,1,1,0.4018033333333335,-154.15518166666666,-0.5426223458018455,-1,0.0
C-92107-2920-13,3,1,1,1,0.4764450000000124,-154.08053999999998,-0.5752388359931703,-1,0.0
C-142742-7620-58,3,1,1,1,0.4720731250000085,-154.084911875,-0.543691296507231,-1,0.0
C-127289-4553-15,3,1,1,1,0.4586924999999837,-154.0982925,-0.5393940894475765,-1,0.0
C-57215-2229-68,3,1,1,1,0.3954022727272672,-154.16158272727273,-0.5615248647319252,-1,0.0
C-73641-9983-23,3,1,1,1,0.2678762500000005,-154.28910875,-0.5442326207478072,-1,0.0
C-148221-4721-29,3,1,1,1,0.4900987499999871,-154.06688625,-0.5327809079615055,-1,0.0
C-96707-5370-34,3,1,1,1,0.2531026666666491,-154.30388233333335,-0.540210130162576,-1,0.0
C-22131-5246-49,3,1,1,1,0.4263377272727098,-154.1306472727273,-0.5322874997857867,-1,0.0
C-136338-8555-23,3,1,1,1,0.485847222222219,-154.07113777777778,-0.5712218674074545,-1,0.0
C-148270-9360-31,3,1,1,1,0.4577262500000074,-154.09925875,-0.5298292146123426,-1,0.0
C-27843-4868-37,3,1,1,1,0.4900272222222384,-154.06695777777776,-0.542612191721641,-1,0.0
C-142831-9227-71,3,1,1,1,0.4898183333333463,-154.06716666666665,-0.5825100059978822,-1,0.0
C-136363-9310-18,3,1,1,1,0.4055958333333365,-154.15138916666666,-0.5975808504387566,-1,0.0
C-47668-7767-46,3,1,1,1,0.1019200000000069,-154.455065,-0.5817307447524143,-1,0.0
C-102891-3492-12,3,1,1,1,0.4439341666666507,-154.11305083333335,-0.5527310168524903,-1,0.0
C-194797-5170-34,3,1,1,1,0.4093883333333394,-154.14759666666666,-0.5430755081236359,-1,0.0
C-145321-8105-18,3,1,1,1,0.4411775000000091,-154.1158075,-0.5522383905161417,-1,0.0
C-57152-4967-3,3,1,1,1,0.4872636363636218,-154.06972136363638,-0.5776854174748852,-1,0.0
C-150733-156-18,3,1,1,1,0.4538990909090898,-154.1030859090909,-0.5852348015924658,-1,0.0
C-192655-9652-10,3,1,1,1,0.4299474999999972,-154.1270375,-0.6159750822556391,-1,0.0
C-176685-9184-28,3,1,1,1,0.3721500000000048,-154.184835,-0.5370847754694995,-1,0.0
C-40120-327-30,3,1,1,1,0.372760999999997,-154.184224,-0.5883889350825674,-1,0.0
C-157676-6832-10,3,1,1,1,0.2807764285714427,-154.27620857142855,-0.5783135227451528,-1,0.0
C-134199-8894-29,3,1,1,1,0.4272318749999897,-154.129753125,-0.5367599384206287,-1,0.0
C-72703-290-33,3,1,1,1,0.4244669999999928,-154.132518,-0.5389522128075256,-1,0.0
C-134158-3120-32,3,1,1,1,0.2283681250000029,-154.328616875,-0.5480697497737186,-1,0.0
C-136373-5300-58,3,1,1,1,0.4618395833333295,-154.09514541666667,-0.5709324499265537,-1,0.0
C-79920-1187-70,3,1,1,1,0.4853520833333391,-154.07163291666666,-0.5727345125316634,-1,0.0
C-150735-7115-27,3,1,1,1,0.488517916666666,-154.06846708333333,-0.6278554450496219,-1,0.0
C-22157-7735-12,3,1,1,1,0.2386027777777712,-154.31838222222223,-0.5584873279749679,-1,0.0
C-13685-851-33,3,1,1,1,0.3313862500000084,-154.22559875,-0.5597906805177321,-1,0.0
C-149216-4584-66,3,1,1,1,0.4540910000000053,-154.102894,-0.5761950562214808,-1,0.0
C-57162-5454-36,3,1,1,1,0.4313608333333434,-154.12562416666665,-0.5309465848103145,-1,0.0
C-170354-4342-11,3,1,1,1,0.4673099999999976,-154.089675,-0.576091775050143,-1,0.0
C-47646-615-50,3,1,1,1,0.4286649999999952,-154.12832,-0.5431146340513766,-1,0.0
C-102777-4934-43,3,1,1,1,0.4897114999999985,-154.0672735,-0.5853625382200632,-1,0.0
C-136214-3679-48,3,1,1,1,0.4766106666666587,-154.08037433333334,-0.541528420839978,-1,0.0
C-193926-6320-40,3,1,1,1,0.370632999999998,-154.186352,-0.5856683574847303,-1,0.0
C-130501-2246-15,3,1,1,1,0.4764635714285532,-154.08052142857144,-0.545696345695291,-1,0.0
C-136208-4716-15,3,1,1,1,0.0231539999999768,-154.53383100000002,-0.5352271630988872,-1,0.0
C-126136-4977-13,3,1,1,1,0.4127019999999959,-154.144283,-0.5276449797825915,-1,0.0
C-149244-7537-73,3,1,1,1,0.429810555555548,-154.12717444444445,-0.5671012207758986,-1,0.0
C-96682-5217-37,3,1,1,1,0.0069819999999936,-154.550003,-0.5304725907742915,-1,0.0
C-137379-9907-58,3,1,1,1,0.2382286363636296,-154.31875636363637,-0.5673524553112477,-1,0.0
C-136387-2750-21,3,1,1,1,0.3456469999999854,-154.211338,-0.5637501563485072,-1,0.0
C-177262-5714-54,2,1,1,0,0.0080074999999908,-154.5489775,-0.49997554054084065,-1,0.0
C-142789-7601-3,2,1,1,0,0.4319500000000005,-154.125035,-0.5028823803216732,-1,0.0
C-104334-7299-44,2,0,1,1,0.3307405555555647,-154.22624444444443,-0.5732586381467638,0,0.477555731605905
C-141043-2496-23,2,1,1,0,0.3394979999999918,-154.217487,-0.5241047125141322,-1,0.0
C-172941-6659-36,2,1,1,0,0.2604218333333392,-154.29656316666666,-0.5122184000788467,-1,0.0
C-134216-4713-46,2,1,1,0,0.4020424999999932,-154.1549425,-0.5241077745916406,-1,0.0
C-130532-5775-1,2,1,1,0,0.4745238333333361,-154.08246116666666,-0.5140781063898788,-1,0.0
C-80182-7828-11,2,1,1,0,0.3410637499999893,-154.21592125,-0.4848189471939703,-1,0.0
C-130534-5496-26,2,1,1,0,0.3067350000000033,-154.25025,-0.5230722553774195,-1,0.0
C-72718-9015-2,2,1,1,0,0.4699099999999987,-154.087075,-0.47393226846705944,-1,0.0
C-34611-1398-56,2,1,1,0,0.3906033333333312,-154.16638166666667,-0.475000798898538,-1,0.0
C-170916-5949-4,2,1,1,0,0.4647937499999841,-154.09219125,-0.48738993529401126,-1,0.0
C-170378-1288-35,2,1,1,0,0.2715019999999981,-154.285483,-0.506539462190282,-1,0.0
C-150739-4923-53,2,1,1,0,0.4853538888888806,-154.07163111111112,-0.48487444991730944,-1,0.0
C-53822-9555-23,2,1,1,0,0.3623342857142972,-154.1946507142857,-0.5065763876309459,-1,0.0
C-148275-4529-49,2,1,1,0,0.4519987500000013,-154.10498625,-0.5210109239973879,-1,0.0
C-148230-2113-7,2,1,1,0,0.4252262500000086,-154.13175875,-0.49799039337376705,-1,0.0
C-126153-9712-9,2,1,1,0,0.2484121666666681,-154.30857283333333,-0.4980688857658842,-1,0.0
C-104332-882-40,2,0,1,1,0.1134766666666564,-154.44350833333334,-0.5588246282867065,0,0.4970273280442685
C-113036-345-23,2,1,1,0,0.4854775000000018,-154.0715075,-0.4904660809389619,-1,0.0
C-9646-232-43,2,1,1,0,0.4258391666666909,-154.1311458333333,-0.5080243961122787,-1,0.0
C-177284-4704-16,2,1,1,0,0.3043168749999836,-154.252668125,-0.5112265546829594,-1,0.0
C-193960-2739-3,2,1,1,0,0.3627469999999846,-154.194238,-0.5216132056806969,-1,0.0
C-28217-7112-45,2,1,1,0,0.3525479999999845,-154.204437,-0.47584901869490437,-1,0.0
C-172904-6055-69,2,1,1,0,0.4284988888888961,-154.1284861111111,-0.5215593062189804,-1,0.0
C-102922-4323-16,2,1,1,0,0.4446000000000083,-154.112385,-0.487425704615551,-1,0.0
C-13679-1830-11,2,1,1,0,0.287642500000004,-154.2693425,-0.5093795608841957,-1,0.0
C-80144-1745-24,2,1,1,0,0.3692749999999876,-154.18771,-0.523106954086911,-1,0.0
C-152583-4955-28,2,1,1,0,0.4137959999999907,-154.143189,-0.4941986655924215,-1,0.0
C-40134-7379-16,2,1,1,0,0.2996850000000108,-154.2573,-0.4988460334842677,-1,0.0
C-130542-9068-50,2,1,1,0,0.2533896666666635,-154.30359533333333,-0.46673846595505086,-1,0.0
C-56479-4760-20,2,1,1,0,0.3536724999999876,-154.2033125,-0.5230044282411304,-1,0.0
C-92158-6662-19,2,1,1,0,0.310678166666662,-154.24630683333334,-0.4747892125992465,-1,0.0
C-107764-2694-31,2,1,1,0,0.353794999999991,-154.20319,-0.48025337392632705,-1,0.0
C-57165-511-13,2,1,1,0,0.2997799999999984,-154.257205,-0.5120805769006694,-1,0.0
C-9590-2380-34,2,1,1,0,0.2986583333333215,-154.25832666666668,-0.4537863309799246,-1,0.0
C-80172-9169-24,2,1,1,0,0.4382012499999916,-154.11878375,-0.49039539171683016,-1,0.0
C-148244-5888-61,2,1,1,0,0.4664341666666587,-154.09055083333334,-0.49680131451693044,-1,0.0
C-28262-8273-40,2,1,1,0,0.3974210000000084,-154.159564,-0.4965525689346548,-1,0.0
C-47664-5276-29,2,1,1,0,0.1476508333333299,-154.40933416666667,-0.4902270147921154,-1,0.0
C-90841-9811-62,2,1,1,0,0.352973333333324,-154.20401166666667,-0.4917217320564686,-1,0.0
C-53801-6753-38,2,1,1,0,0.427266000000003,-154.129719,-0.4982292352123966,-1,0.0
C-145325-7931-14,2,1,1,0,0.3847408333333248,-154.17224416666667,-0.4914640445654498,-1,0.0
C-56483-6668-9,2,1,1,0,0.4260850000000005,-154.1309,-0.5042075402473886,-1,0.0
C-107756-3646-26,2,1,1,0,0.3925624999999968,-154.1644225,-0.46519367010512813,-1,0.0
C-102891-3492-38,2,1,1,0,0.4108712499999853,-154.14611375,-0.4690181019536393,-1,0.0
C-193938-7314-8,2,1,1,0,0.3624731666666605,-154.19451183333334,-0.5167730939496988,-1,0.0
C-134177-945-54,2,1,1,0,0.4494943750000004,-154.107490625,-0.49547329780498145,-1,0.0
C-28248-2845-30,2,1,1,0,0.3594935000000134,-154.19749149999998,-0.5205406102187904,-1,0.0
C-145302-9438-58,2,1,1,0,0.4156868750000058,-154.141298125,-0.5053321599195816,-1,0.0
C-76038-158-52,2,1,1,0,0.4723150000000089,-154.08467,-0.511194760986759,-1,0.0
C-76034-2029-51,2,1,1,0,0.4372987499999965,-154.11968625,-0.4864512998479857,-1,0.0
C-79914-2085-41,2,1,1,0,0.4821661111110984,-154.0748188888889,-0.509378716284284,-1,0.0
C-176654-3153-52,2,1,1,0,0.4728839999999934,-154.084101,-0.5099032990716328,-1,0.0
C-152579-4602-36,2,1,1,0,0.3048139999999932,-154.252171,-0.4859321376553135,-1,0.0
C-192661-288-4,2,1,1,0,0.1315327777777781,-154.42545222222222,-0.5085434268516685,-1,0.0
C-92105-6529-23,2,1,1,0,0.4171907142857094,-154.1397942857143,-0.5207402852018825,-1,0.0
C-170335-8559-33,2,1,1,0,0.2615419999999915,-154.295443,-0.47482320912519,-1,0.0
C-113060-2504-13,2,1,1,0,0.3797118749999981,-154.177273125,-0.5233953830271163,-1,0.0
C-9620-6892-38,2,1,1,0,0.2255137500000046,-154.33147125,-0.4766245106017975,-1,0.0
C-90813-2847-52,2,1,1,0,0.4670487500000035,-154.08993625,-0.4982201871080858,-1,0.0
C-193948-359-27,2,1,1,0,0.4852671428571398,-154.07171785714286,-0.48231223650915284,-1,0.0
C-193918-9298-26,2,1,1,0,0.4035428571428667,-154.15344214285713,-0.5096129362041534,-1,0.0
C-142803-3273-22,2,1,1,0,0.4242333333333192,-154.13275166666668,-0.5176649452750518,-1,0.0
C-13685-851-1,2,1,1,0,0.4105762499999912,-154.14640875,-0.5157402498652458,-1,0.0
C-96665-6528-46,2,1,1,0,0.4317743333333226,-154.12521066666667,-0.4863009086582911,-1,0.0
C-130501-2246-34,2,1,1,0,0.4885590000000093,-154.068426,-0.48015742465158967,-1,0.0
C-126143-7642-30,2,1,1,0,0.4664692857142825,-154.09051571428571,-0.5248388044323908,-1,0.0
C-126163-8054-37,2,1,1,0,0.271481428571434,-154.28550357142856,-0.5153912107013675,-1,0.0
C-73623-520-25,2,1,1,0,0.2706499999999892,-154.286335,-0.5078892581094766,-1,0.0
C-41300-4225-23,2,1,1,0,0.3606571666666696,-154.19632783333333,-0.5156359362465783,-1,0.0
C-136227-7658-11,2,1,1,0,0.4223218333333136,-154.13466316666668,-0.5122399330328475,-1,0.0
C-96663-8819-36,2,1,1,0,0.3162333333333151,-154.24075166666668,-0.4914414265498562,-1,0.0
C-177233-8452-58,2,1,1,0,0.4892499999999984,-154.067735,-0.5106311282676531,-1,0.0
C-141022-7340-30,2,1,1,0,0.4327707142857093,-154.1242142857143,-0.4777756608946256,-1,0.0
C-113050-8539-36,2,1,1,0,0.2946456249999869,-154.262339375,-0.5224130274860923,-1,0.0
C-13651-5621-47,2,1,1,0,0.446067499999998,-154.1109175,-0.5172352762528282,-1,0.0
C-134158-3120-45,2,1,1,0,0.3184075000000064,-154.2385775,-0.5198785589981869,-1,0.0
C-47644-8979-17,2,1,1,0,0.465813125000011,-154.091171875,-0.5135804606909677,-1,0.0
C-148225-7911-65,2,1,1,0,0.2662637500000073,-154.29072125,-0.494834772488938,-1,0.0
C-57152-1382-35,2,1,1,0,0.4867012500000101,-154.07028375,-0.5115321263351155,-1,0.0
C-113036-345-6,2,1,1,0,0.4499391666666668,-154.10704583333333,-0.5212546552289915,-1,0.0
C-142740-3180-35,2,1,1,0,0.4372549999999933,-154.11973,-0.48457911076851673,-1,0.0
C-170902-8935-33,2,1,1,0,0.360016250000001,-154.19696875,-0.4828572000141169,-1,0.0
C-113083-5385-7,2,1,1,0,0.3486650000000111,-154.20832,-0.5127999920007174,-1,0.0
C-73626-2668-41,2,1,1,0,0.4841424999999901,-154.0728425,-0.4751666901611783,-1,0.0
C-106867-6371-32,2,1,1,0,0.3742281250000019,-154.182756875,-0.4953923737969342,-1,0.0
C-13651-5621-8,2,1,1,0,0.3691837499999906,-154.18780125,-0.49404778415411943,-1,0.0
C-72732-3061-9,2,1,1,0,0.3969321666666587,-154.16005283333334,-0.4757658613590633,-1,0.0
C-80174-5232-24,2,1,1,0,0.3049775000000068,-154.2520075,-0.4922663546862754,-1,0.0
C-41304-5896-18,2,1,1,0,0.1498578333333284,-154.40712716666667,-0.4815084772702826,-1,0.0
C-28213-8691-29,2,1,1,0,0.4223742857142554,-154.13461071428574,-0.48497226996236564,-1,0.0
C-172967-546-31,2,1,1,0,0.4239609999999914,-154.133024,-0.5024675501800189,-1,0.0
C-34653-3008-56,2,1,1,0,0.3081381249999992,-154.248846875,-0.4981042233719872,-1,0.0
C-145378-5350-31,2,1,1,0,0.3864416666666557,-154.17054333333334,-0.48841797647372787,-1,0.0
C-176667-771-21,2,1,1,0,0.0124040000000036,-154.544581,-0.5122181591828564,-1,0.0
C-47627-477-20,2,1,1,0,0.4155587500000024,-154.14142625,-0.4801659506743502,-1,0.0
C-92107-2920-6,2,1,1,0,0.249551428571408,-154.3074335714286,-0.5035378446901343,-1,0.0
C-57146-9403-3,2,1,1,0,0.4822737499999903,-154.07471125,-0.5077951913246448,-1,0.0
C-102918-9583-34,2,1,1,0,0.3636899999999912,-154.193295,-0.5121307346384989,-1,0.0
C-145311-9710-3,2,1,1,0,0.0215991666666752,-154.53538583333332,-0.49705856538839865,-1,0.0
C-56512-1663-7,2,1,1,0,0.4363408333333325,-154.12064416666666,-0.5140479757873883,-1,0.0
C-106833-6336-6,2,1,1,0,0.4521100000000047,-154.104875,-0.5245803489382515,-1,0.0
C-170362-9529-3,2,1,1,0,0.4126109999999983,-154.144374,-0.5091200368440804,-1,0.0
C-80162-1658-18,2,1,1,0,0.3803062499999896,-154.17667875,-0.5171508799217255,-1,0.0
C-80148-5004-25,2,1,1,0,0.4047208333333287,-154.15226416666667,-0.504365570769429,-1,0.0
C-72754-2980-38,2,1,1,0,0.4657671428571177,-154.09121785714288,-0.49070999504738855,-1,0.0
C-148254-5891-31,2,1,1,0,0.4859299999999962,-154.071055,-0.5040305314049063,-1,0.0
C-96686-8751-39,2,1,1,0,0.4734869999999773,-154.08349800000002,-0.5108280234772133,-1,0.0
C-72699-8017-30,2,1,1,0,0.4651159999999947,-154.091869,-0.500144937560292,-1,0.0
C-106873-5485-11,2,1,1,0,0.4136187499999835,-154.14336625,-0.5258496171081054,-1,0.0
C-170354-4342-33,2,1,1,0,0.3315888333333134,-154.22539616666668,-0.5228842976436727,-1,0.0
C-141051-6029-27,2,1,1,0,0.3626950000000022,-154.19429,-0.503186769410074,-1,0.0
C-41316-1619-26,2,1,1,0,0.479360000000014,-154.07762499999998,-0.5183137387427137,-1,0.0
C-9612-1722-44,2,1,1,0,0.1881874999999979,-154.3687975,-0.5211884716177513,-1,0.0
C-80176-5093-36,2,1,1,0,0.1900737500000104,-154.36691125,-0.5069783103980675,-1,0.0
C-76040-1153-35,2,1,1,0,0.4124574999999879,-154.1445275,-0.5085873711850892,-1,0.0
C-172939-8068-15,2,1,1,0,0.0095521428571032,-154.5474328571429,-0.5194468086279336,-1,0.0
C-13919-5282-11,2,1,1,0,0.4739814285714203,-154.08300357142858,-0.49775994805371965,-1,0.0
C-189703-1540-43,2,1,1,0,0.4094569999999748,-154.14752800000002,-0.51079654729335,-1,0.0
C-34629-5612-52,2,1,1,0,0.3567349999999862,-154.20025,-0.49026512318508886,-1,0.0
C-172917-5417-25,2,1,1,0,0.3242363333333458,-154.23274866666665,-0.5140074189262118,-1,0.0
C-136235-2385-29,2,1,1,0,0.3102669999999818,-154.24671800000002,-0.4723039755525886,-1,0.0
C-157717-1262-27,2,1,1,0,0.1498538333333385,-154.40713116666666,-0.5084395894639224,-1,0.0
C-192639-4666-40,2,1,1,0,0.4270488888888906,-154.1299361111111,-0.5124690194314524,-1,0.0
C-136237-3205-10,2,1,1,0,0.4145330000000058,-154.142452,-0.5220541268321206,-1,0.0
C-177270-1673-23,2,1,1,0,0.4305793750000077,-154.126405625,-0.49708624862334777,-1,0.0
C-170914-4021-7,2,0,1,1,0.4364799999999889,-154.120505,-0.5502778898378259,0,0.4954290703325045
C-34617-8887-53,2,1,1,0,0.3711575000000096,-154.1858275,-0.47808058861782476,-1,0.0
C-13933-5578-4,2,1,1,0,0.4263290000000097,-154.130656,-0.49714426854767324,-1,0.0
C-152569-5742-32,2,1,1,0,0.3188199999999881,-154.238165,-0.46680846505414153,-1,0.0
C-157703-910-45,2,1,1,0,0.3071239999999875,-154.249861,-0.49460276662948244,-1,0.0
C-92142-9665-32,2,1,1,0,0.3516230000000178,-154.20536199999998,-0.486701377717978,-1,0.0
C-92128-7037-32,2,1,1,0,0.4017949999999928,-154.15519,-0.4910776386919415,-1,0.0
C-40116-9251-40,2,1,1,0,0.4671235714285728,-154.08986142857142,-0.49080989681001264,-1,0.0
C-9630-678-11,2,1,1,0,0.4245487499999854,-154.13243625,-0.488943050410406,-1,0.0
C-102895-3171-10,2,1,1,0,0.3066550000000063,-154.25033,-0.4702201762863396,-1,0.0
C-47625-6113-21,2,1,1,0,0.3621841666666512,-154.19480083333335,-0.5028602237734007,-1,0.0
C-80178-6213-30,2,0,1,1,0.1109468749999962,-154.446038125,-0.5589256247084958,0,0.486350103921062
C-145346-824-8,2,1,1,0,0.489524166666655,-154.06746083333334,-0.48645756312845007,-1,0.0
C-106844-7188-6,2,1,1,0,0.3448987499999987,-154.21208625,-0.507777121172472,-1,0.0
C-73619-216-21,2,1,1,0,0.4075487499999894,-154.14943625,-0.4664972388599693,-1,0.0
C-57146-9403-26,2,1,1,0,0.4740381249999927,-154.082946875,-0.48987271046723824,-1,0.0
C-13647-2599-23,2,1,1,0,0.2619258333333221,-154.29505916666668,-0.5057728163208479,-1,0.0
C-57144-6540-26,2,1,1,0,0.4645041666666714,-154.09248083333333,-0.49588878595918406,-1,0.0
C-107738-4561-19,2,1,1,0,0.4192674999999894,-154.1377175,-0.5059868069711851,-1,0.0
C-107774-3668-15,2,1,1,0,0.4826487500000098,-154.07433625,-0.49171709645439,-1,0.0
C-126163-8054-6,2,1,1,0,0.3947369999999921,-154.162248,-0.5181707177590784,-1,0.0
C-80176-5093-18,2,1,1,0,0.415288750000002,-154.14169625,-0.5141439772848039,-1,0.0
C-172930-9950-30,2,1,1,0,0.4213809999999967,-154.135604,-0.5147086957255826,-1,0.0
C-142761-8059-15,2,1,1,0,0.4443968749999953,-154.112588125,-0.4879517622852394,-1,0.0
C-91024-9777-45,2,1,1,0,0.4878472222222285,-154.06913777777777,-0.5177455701709014,-1,0.0
C-57109-5472-22,2,1,1,0,0.4865437500000098,-154.07044125,-0.5155156060529712,-1,0.0
C-177244-4718-35,2,1,1,0,0.410441249999991,-154.14654375,-0.4880388009257943,-1,0.0
C-126159-6870-6,2,1,1,0,0.321440999999993,-154.235544,-0.5005756681331366,-1,0.0
C-47674-9528-52,2,1,1,0,0.4256058333333214,-154.13137916666668,-0.4752162286781481,-1,0.0
C-102879-3098-23,2,1,1,0,0.4772491666666667,-154.07973583333333,-0.47794673091372286,-1,0.0
C-136253-4158-37,2,1,1,0,0.2589371666666693,-154.29804783333333,-0.46705572867917283,-1,0.0
C-148262-6595-24,2,1,1,0,0.4394849999999906,-154.1175,-0.5085481014126357,-1,0.0
C-56487-1364-11,2,1,1,0,0.4204487499999914,-154.13653625,-0.49831332770626846,-1,0.0
C-56510-2784-50,2,1,1,0,0.4405743750000113,-154.116410625,-0.5225116247755137,-1,0.0
C-184048-1268-3,2,1,1,0,0.1843028571428533,-154.37268214285714,-0.5083801584309581,-1,0.0
C-126145-2991-19,2,1,1,0,0.0098610000000007,-154.547124,-0.5195198996729097,-1,0.0
C-9603-8567-39,2,1,1,0,0.4789591666666695,-154.07802583333333,-0.4979091280767653,-1,0.0
C-34641-3163-41,2,1,1,0,0.3603208333333327,-154.19666416666666,-0.5249926791277463,-1,0.0
C-141029-5572-35,2,1,1,0,0.4767364285713995,-154.0802485714286,-0.501414001058676,-1,0.0
C-134223-2022-41,2,1,1,0,0.4515299999999911,-154.105455,-0.4935183134489742,-1,0.0
C-57162-5454-38,2,1,1,0,0.3669725000000028,-154.1900125,-0.5238356922535083,-1,0.0
C-136233-1177-19,2,1,1,0,0.3076680000000067,-154.249317,-0.492516392719521,-1,0.0
C-130230-8331-71,2,1,1,0,0.4799277777777888,-154.0770572222222,-0.5268863383872863,-1,0.0
C-106839-3195-54,2,1,1,0,0.4760249999999928,-154.08096,-0.4919887389221736,-1,0.0
C-57172-7289-24,2,1,1,0,0.4019237500000088,-154.15506125,-0.5026124219012071,-1,0.0
C-145378-5350-27,2,1,1,0,0.3416949999999872,-154.21529,-0.5007240360819345,-1,0.0
C-189713-5516-4,2,1,1,0,0.3398621428571289,-154.21712285714287,-0.5132863918064001,-1,0.0
C-172935-9081-49,2,1,1,0,0.3464500000000043,-154.210535,-0.4841360532657505,-1,0.0
C-96700-8739-48,2,1,1,0,0.3484850000000108,-154.2085,-0.5053295834951476,-1,0.0
C-41270-7708-14,2,1,1,0,0.3914064285714289,-154.16557857142857,-0.5045896309045609,-1,0.0
C-50241-8788-49,2,1,1,0,0.4745872222221976,-154.0823977777778,-0.5125096778051853,-1,0.0
C-152565-20-35,2,1,1,0,0.4588107142857041,-154.0981742857143,-0.4988744680152346,-1,0.0
C-47627-477-1,2,1,1,0,0.4689706249999972,-154.088014375,-0.4975703663863113,-1,0.0
C-90858-8157-4,2,1,1,0,0.4306899999999984,-154.126295,-0.5048254546988523,-1,0.0
C-107752-5318-42,2,1,1,0,0.3965733333333219,-154.16041166666668,-0.5123002038281138,-1,0.0
C-134191-3585-17,2,1,1,0,0.3769475,-154.1800375,-0.5173041130359629,-1,0.0
C-106867-6371-51,2,1,1,0,0.4817091666666613,-154.07527583333334,-0.507873357059011,-1,0.0
C-96705-9216-19,2,1,1,0,0.2850019999999915,-154.271983,-0.47694743795848443,-1,0.0
C-193926-6320-45,2,0,1,1,0.0820614285714498,-154.47492357142855,-0.5539951865222104,0,0.4814951327101477
C-13661-7792-43,2,1,1,0,0.4000900000000058,-154.156895,-0.4986834969207956,-1,0.0
C-172919-5077-7,2,1,1,0,0.3998129999999946,-154.157172,-0.47919063432018455,-1,0.0
C-47629-544-24,2,1,1,0,0.3397824999999841,-154.2172025,-0.48759072753275307,-1,0.0
C-148260-6843-26,2,1,1,0,0.3990912499999979,-154.15789375,-0.5137780892771909,-1,0.0
C-57111-4456-37,2,1,1,0,0.4878700000000151,-154.06911499999998,-0.49924816131800004,-1,0.0
C-137416-5276-62,2,1,1,0,0.4369295000000193,-154.12005549999998,-0.509269336044349,-1,0.0
C-189730-9377-9,2,1,1,0,0.1879020000000082,-154.369083,-0.5099466764645797,-1,0.0
C-157672-8945-29,2,1,1,0,0.4457179999999994,-154.111267,-0.4910445429647909,-1,0.0
C-41288-1079-15,2,1,1,0,0.1874549999999999,-154.36953,-0.5099466764645797,-1,0.0
C-193920-1389-28,2,1,1,0,0.4284509999999955,-154.128534,-0.4764809500066408,-1,0.0
C-96692-7228-39,2,1,1,0,0.4870692857142842,-154.0699157142857,-0.5233031730741824,-1,0.0
C-189728-4378-45,2,0,1,1,0.4452789999999993,-154.111706,-0.5748259736297331,0,0.493975300621535
C-134213-109-10,2,1,1,0,0.4699837500000114,-154.08700125,-0.5175755260435602,-1,0.0
C-47648-3167-27,2,1,1,0,0.4278549999999939,-154.12913,-0.5214946862455485,-1,0.0
C-104326-1398-24,2,1,1,0,0.3692977272727091,-154.1876872727273,-0.5199142202144168,-1,0.0
C-34655-7081-7,2,1,1,0,0.4793512500000076,-154.07763375,-0.5016138576441783,-1,0.0
C-170360-9481-26,2,1,1,0,0.2835589999999968,-154.273426,-0.5159143868462842,-1,0.0
C-126138-5994-1,2,1,1,0,0.3778250000000014,-154.17916,-0.5129039010968747,-1,0.0
C-157689-1881-43,2,1,1,0,0.4612214285714344,-154.09576357142856,-0.5057131205853281,-1,0.0
C-72701-1899-48,2,1,1,0,0.4762049999999931,-154.08078,-0.4712471277051176,-1,0.0
C-57152-1382-8,2,1,1,0,0.4580212500000016,-154.09896375,-0.5058402909441866,-1,0.0
C-47646-615-43,2,1,1,0,0.4093799999999987,-154.147605,-0.4987567928076839,-1,0.0
C-41266-1576-10,2,1,1,0,0.3956450000000018,-154.16134,-0.49423890609239535,-1,0.0
C-56485-2380-46,2,1,1,0,0.488954166666673,-154.06803083333332,-0.5174219499342796,-1,0.0
C-96694-8817-23,2,1,1,0,0.4022786666666604,-154.15470633333334,-0.4595202369481832,-1,0.0
C-134169-158-49,2,1,1,0,0.3879024999999956,-154.1690825,-0.5133864985780765,-1,0.0
C-193924-4401-6,2,1,1,0,0.2889021428571254,-154.26808285714287,-0.48826192639702043,-1,0.0
C-47640-4572-12,2,0,1,1,0.4088837500000011,-154.14810125,-0.5655610458596848,0,0.499172799447605
C-107760-8155-26,2,1,1,0,0.4098566666666556,-154.14712833333334,-0.4980433106639028,-1,0.0
C-176685-9184-22,2,1,1,0,0.4824700000000064,-154.074515,-0.5203248193654795,-1,0.0
C-53842-5928-4,2,1,1,0,0.3007430000000113,-154.256242,-0.5030409498881256,-1,0.0
C-134183-9440-58,2,1,1,0,0.4759949999999833,-154.08099,-0.5119881366666911,-1,0.0
C-184056-7379-20,2,1,1,0,0.2745778333333248,-154.28240716666667,-0.49983542109412343,-1,0.0
C-13688-7681-48,2,1,1,0,0.3635574999999846,-154.1934275,-0.4948806987515767,-1,0.0
C-90837-7402-2,2,1,1,0,0.4535366666666789,-154.10344833333332,-0.4848589046043035,-1,0.0
C-90819-6500-14,2,1,1,0,0.4485341666666613,-154.10845083333334,-0.5029194214771566,-1,0.0
C-184060-4400-45,2,1,1,0,0.247950000000003,-154.309035,-0.49614861523210985,-1,0.0
C-73645-3621-38,2,1,1,0,0.410001666666659,-154.14698333333334,-0.518800949917786,-1,0.0
C-134213-109-41,2,1,1,0,0.4123925000000099,-154.1445925,-0.5109369190619032,-1,0.0
C-96682-5217-13,2,1,1,0,0.142310000000009,-154.414675,-0.5012028147460985,-1,0.0
C-113048-91-52,2,1,1,0,0.0307175000000086,-154.5262675,-0.4931792250932474,-1,0.0
C-72738-5062-43,2,1,1,0,0.3076879999999846,-154.249297,-0.4552752775908227,-1,0.0
C-134179-5260-14,2,1,1,0,0.451625000000007,-154.10536,-0.5143795513438573,-1,0.0
C-72728-4135-39,2,1,1,0,0.4176119999999912,-154.139373,-0.5012926835589661,-1,0.0
C-130514-1931-44,2,1,1,0,0.473936000000009,-154.083049,-0.5167841380722411,-1,0.0
C-106851-9046-62,2,1,1,0,0.4455141666666691,-154.11147083333333,-0.5245812482670683,-1,0.0
C-157715-9420-11,2,1,1,0,0.2459851666666566,-154.31099983333334,-0.5168652216049864,-1,0.0
C-47652-4449-58,2,1,1,0,0.3476233333333312,-154.20936166666667,-0.4692898972597198,-1,0.0
C-107754-5821-28,2,1,1,0,0.4431262500000059,-154.11385875,-0.4842440318582752,-1,0.0
C-176633-3584-14,2,1,1,0,0.4049685714286113,-154.1520164285714,-0.49820964279379665,-1,0.0
C-34660-1476-28,2,1,1,0,0.3791799999999909,-154.177805,-0.5139906166378475,-1,0.0
C-176673-628-15,2,1,1,0,0.4180099999999811,-154.13897500000002,-0.5136614917845467,-1,0.0
C-142855-9438-3,2,1,1,0,0.4605716666666808,-154.09641333333332,-0.49835371899357195,-1,0.0
C-136208-4716-43,2,1,1,0,0.4192221428571372,-154.13776285714286,-0.5249471827644617,-1,0.0
C-177238-3489-13,2,1,1,0,0.1958218750000071,-154.361163125,-0.5253700691543637,-1,0.0
C-152605-7685-10,2,1,1,0,0.4772578571428596,-154.07972714285714,-0.49194665628898604,-1,0.0
C-13640-2755-14,2,1,1,0,0.2762893750000046,-154.280695625,-0.49492043837899324,-1,0.0
C-9616-927-51,2,1,1,0,0.4298243750000097,-154.127160625,-0.5142834722610734,-1,0.0
C-157689-1881-30,2,1,1,0,0.3029619999999795,-154.25402300000002,-0.49500978543874974,-1,0.0
C-13909-5753-23,2,1,1,0,0.2455101666666621,-154.31147483333334,-0.5114608796741814,-1,0.0
C-107762-1536-31,2,1,1,0,0.3837456249999889,-154.173239375,-0.5108976664320258,-1,0.0
C-9586-1605-12,2,1,1,0,0.3301400000000001,-154.226845,-0.4945699486745607,-1,0.0
C-148256-2422-12,2,1,1,0,0.3915237500000046,-154.16546125,-0.5252480113984803,-1,0.0
C-150703-3455-27,2,1,1,0,0.2838560000000143,-154.27312899999998,-0.5166651940724318,-1,0.0
C-189742-1338-19,2,1,1,0,0.4443492857142814,-154.11263571428572,-0.5225625769072382,-1,0.0
C-56503-8782-7,2,1,1,0,0.2166612499999871,-154.34032375,-0.5056454457952255,-1,0.0
C-141020-5549-9,2,1,1,0,0.242921333333328,-154.31406366666667,-0.5248654154383491,-1,0.0
C-47662-4096-47,2,1,1,0,0.4406262500000082,-154.11635875,-0.4892838758440833,-1,0.0
C-134201-7830-34,2,1,1,0,0.3706487499999866,-154.18633625,-0.49605392571277807,-1,0.0
C-106096-2640-29,2,1,1,0,0.4389288888888814,-154.11805611111112,-0.5141185962782382,-1,0.0
C-142779-5330-38,2,1,1,0,0.3287200000000041,-154.228265,-0.5067888767195589,-1,0.0
C-107748-2637-12,2,1,1,0,0.3691362499999968,-154.18784875,-0.5144802667370499,-1,0.0
C-80174-5232-6,2,1,1,0,0.3907666666666785,-154.16621833333332,-0.48333959762274425,-1,0.0
C-172931-4656-1,2,1,1,0,0.397280555555568,-154.15970444444443,-0.504324640031946,-1,0.0
C-13919-5282-14,2,1,1,0,0.1485218333333193,-154.40846316666668,-0.5072049853841316,-1,0.0
C-172945-2721-39,2,1,1,0,0.4165399999999977,-154.140445,-0.5225834558777542,-1,0.0
C-107752-5318-37,2,1,1,0,0.424087500000013,-154.13289749999998,-0.5175300973081939,-1,0.0
C-80155-5756-27,2,1,1,0,0.4862658333333343,-154.07071916666666,-0.48965438312857223,-1,0.0
C-184078-4879-22,2,1,1,0,0.2855728571428528,-154.27141214285714,-0.5201739531739378,-1,0.0
C-176683-1873-17,2,1,1,0,0.4119779999999764,-154.14500700000002,-0.46996960910548025,-1,0.0
C-28236-2280-28,2,1,1,0,0.3017546666666533,-154.25523033333334,-0.5098097185975391,-1,0.0
C-130499-1826-1,2,1,1,0,0.4752359999999953,-154.081749,-0.5249565931527481,-1,0.0
C-73649-6461-39,2,1,1,0,0.3584549999999922,-154.19853,-0.4981223123508963,-1,0.0
C-189732-2937-18,2,1,1,0,0.4743090000000052,-154.082676,-0.48744409738370176,-1,0.0
C-134199-8894-1,2,1,1,0,0.3448391666666737,-154.21214583333332,-0.4530218343130424,-1,0.0
C-9618-6957-9,2,1,1,0,0.2563456249999944,-154.300639375,-0.5250084716296997,-1,0.0
C-90811-1769-42,2,1,1,0,0.4081581249999999,-154.148826875,-0.5148430797349067,-1,0.0
C-56471-7021-1,2,1,1,0,0.3499708333333444,-154.20701416666665,-0.49781477530009305,-1,0.0
C-130522-136-24,2,1,1,0,0.465373999999997,-154.091611,-0.5238674278200098,-1,0.0
C-13671-2117-16,2,1,1,0,0.371395833333338,-154.18558916666666,-0.48871234938538405,-1,0.0
C-57113-4466-35,2,1,1,0,0.4228566666666609,-154.13412833333334,-0.5252000251716942,-1,0.0
C-106837-6296-51,2,1,1,0,0.4176424999999995,-154.1393425,-0.5204418560713546,-1,0.0
C-90831-4076-60,2,1,1,0,0.4415224999999907,-154.1154625,-0.497102682343109,-1,0.0
C-177268-8621-19,2,1,1,0,0.32849250000001,-154.2284925,-0.48350556382659665,-1,0.0
C-13657-9600-49,2,1,1,0,0.4438737499999945,-154.11311125,-0.4891867725133298,-1,0.0
C-172941-6659-20,2,1,1,0,0.2488866666666638,-154.30809833333333,-0.4968909842882521,-1,0.0
C-102903-5111-47,2,1,1,0,0.4109724999999855,-154.1460125,-0.5147918390687096,-1,0.0
C-56477-948-23,2,1,1,0,0.415095000000008,-154.14189,-0.5100630478039067,-1,0.0
C-76010-2418-50,2,1,1,0,0.4444183333333455,-154.11256666666665,-0.4597070626574946,-1,0.0
C-28254-7962-27,2,1,1,0,0.4368200000000115,-154.120165,-0.4904573750865287,-1,0.0
C-13900-9247-30,2,1,1,0,0.3382871428571548,-154.21869785714284,-0.5215481638275057,-1,0.0
C-53844-8150-41,2,1,1,0,0.357985333333346,-154.19899966666665,-0.5160181368558464,-1,0.0
C-152560-3717-16,2,1,1,0,0.2890720000000044,-154.267913,-0.5185464497381033,-1,0.0
C-56468-3855-7,2,1,1,0,0.1140383333333261,-154.44294666666667,-0.5071849063220788,-1,0.0
C-53848-9695-38,2,1,1,0,0.4541814285714451,-154.10280357142855,-0.5156757195555395,-1,0.0
C-76036-7014-55,2,1,1,0,0.3340806249999843,-154.222904375,-0.48283198743257566,-1,0.0
C-189736-8326-12,2,1,1,0,0.3357650000000092,-154.22122,-0.5168019226115015,-1,0.0
C-106865-3848-15,2,1,1,0,0.4794599999999889,-154.077525,-0.5264491876936938,-1,0.0
C-141037-8469-13,2,1,1,0,0.3964699999999936,-154.160515,-0.4836128597629583,-1,0.0
C-76034-2029-56,2,1,1,0,0.4435662500000035,-154.11341875,-0.4934560553225591,-1,0.0
C-170902-8935-48,2,1,1,0,0.4250533333333237,-154.13193166666667,-0.5187147054771399,-1,0.0
C-126171-2991-14,2,1,1,0,0.0081914285714219,-154.54879357142858,-0.5021249896580274,-1,0.0
C-170922-1203-13,2,1,1,0,0.4449825000000089,-154.1120025,-0.4926220122328643,-1,0.0
C-90849-4956-45,2,1,1,0,0.1828283333333331,-154.37415666666666,-0.5225443110768908,-1,0.0
C-184058-8674-48,2,1,1,0,0.4169009999999957,-154.140084,-0.5171300010369425,-1,0.0
C-40110-5594-10,2,1,1,0,0.4904970000000048,-154.066488,-0.5168189510048667,-1,0.0
C-177260-5773-22,2,1,1,0,0.3417924999999968,-154.2151925,-0.5095031606501578,-1,0.0
C-107723-4437-41,2,1,1,0,0.4690256250000004,-154.087959375,-0.5029906269984776,-1,0.0
C-80202-9135-24,2,1,1,0,0.4514174999999909,-154.1055675,-0.493467559309245,-1,0.0
C-90809-799-33,2,1,1,0,0.4242162500000006,-154.13276875,-0.5257236922385814,-1,0.0
C-47654-5863-25,2,1,1,0,0.3114206250000109,-154.245564375,-0.5060044722032199,-1,0.0
C-102879-3098-43,2,1,1,0,0.3379008333333217,-154.21908416666668,-0.5118029606916413,-1,0.0
C-142757-9743-3,2,1,1,0,0.4217449999999871,-154.13524,-0.464612391368832,-1,0.0
C-47633-513-28,2,1,1,0,0.2824633333333395,-154.27452166666666,-0.49303516728317837,-1,0.0
C-148246-9859-42,2,1,1,0,0.3336799999999869,-154.223305,-0.4970729540413001,-1,0.0
C-141035-7356-4,2,1,1,0,0.3012244999999893,-154.2557605,-0.5197715187375429,-1,0.0
C-56495-4082-34,2,1,1,0,0.4263012499999945,-154.13068375,-0.48400660726126266,-1,0.0
C-76028-1827-4,2,1,1,0,0.3062537499999962,-154.25073125,-0.5036489809357926,-1,0.0
C-184086-7799-40,2,1,1,0,0.3261410000000069,-154.230844,-0.5157855843780684,-1,0.0
C-72720-4972-30,2,1,1,0,0.4894428571428761,-154.06754214285712,-0.5061597274527482,-1,0.0
C-189717-5242-9,2,1,1,0,0.4247776666666709,-154.13220733333333,-0.4757395412888032,-1,0.0
C-136343-9761-22,2,1,1,0,0.4224294444444467,-154.13455555555555,-0.5026428275226096,-1,0.0
C-157695-2388-21,2,1,1,0,0.4508490000000051,-154.106136,-0.5048749361468738,-1,0.0
C-148248-8795-20,2,1,1,0,0.2424908333333348,-154.31449416666666,-0.47051954353105857,-1,0.0
C-176637-1600-14,2,1,1,0,0.3788733333333312,-154.17811166666667,-0.5124994143320062,-1,0.0
C-170354-4342-4,2,1,1,0,0.3254433333333395,-154.23154166666666,-0.49645701351620924,-1,0.0
C-170380-2255-54,2,1,1,0,0.3602206666666632,-154.19676433333333,-0.5175105767134924,-1,0.0
C-113043-1590-10,2,1,1,0,0.4827687499999911,-154.07421625,-0.5152181317030557,-1,0.0
C-90831-4076-43,2,1,1,0,0.3593312499999967,-154.19765375,-0.4696860747134545,-1,0.0
C-150692-6896-54,2,0,1,1,0.3165905555555639,-154.24039444444443,-0.5717948646064518,0,0.4790733966698013
C-126159-6870-16,2,1,1,0,0.2993946666666716,-154.25759033333333,-0.49198788788160985,-1,0.0
C-41294-4189-13,2,1,1,0,0.4301269999999988,-154.126858,-0.4833130615317872,-1,0.0
C-136381-1330-11,2,1,1,0,0.3706638888888847,-154.1863211111111,-0.5072717618524432,-1,0.0
C-57231-8311-29,2,1,1,0,0.4677644444444411,-154.08922055555556,-0.5194706055620849,-1,0.0
C-96680-6628-25,2,1,1,0,0.3429442857143101,-154.2140407142857,-0.5084715782255406,-1,0.0
C-157674-4910-38,2,1,1,0,0.2873539999999934,-154.269631,-0.5025400532124786,-1,0.0
C-136243-305-2,2,1,1,0,0.4170369999999934,-154.139948,-0.47965593456308586,-1,0.0
C-189707-2485-38,2,1,1,0,0.4116559999999936,-154.145329,-0.5238384989989402,-1,0.0
C-47650-9988-3,2,1,1,0,0.357298749999984,-154.19968625,-0.5023563949955776,-1,0.0
C-76040-1153-51,2,1,1,0,0.4353049999999996,-154.12168,-0.4844980996984588,-1,0.0
C-72722-2079-6,2,0,1,1,0.3730400000000031,-154.183945,-0.5967926502006041,0,0.4920557977236885
C-130559-5355-38,2,1,1,0,0.3978876666666622,-154.15909733333334,-0.4941768679672548,-1,0.0
C-141061-9666-16,2,1,1,0,0.4674370000000181,-154.08954799999998,-0.48235145118392103,-1,0.0
C-170329-7952-52,2,0,1,1,0.3938492857142819,-154.16313571428572,-0.562584019790878,0,0.4966624945863622
C-148225-7911-47,2,1,1,0,0.3183262499999841,-154.23865875,-0.4890532950489751,-1,0.0
C-172965-3737-24,2,1,1,0,0.0089621428571433,-154.54802285714285,-0.4995234031613772,-1,0.0
C-193956-5355-24,2,1,1,0,0.4867235714285698,-154.07026142857143,-0.49888407511867894,-1,0.0
C-152597-8815-5,2,1,1,0,0.2661119999999926,-154.290873,-0.508853977151254,-1,0.0
C-13661-7792-36,2,1,1,0,0.4814741666666577,-154.07551083333334,-0.49959173026542447,-1,0.0
C-142755-3271-40,2,1,1,0,0.4543893750000052,-154.102595625,-0.4784234521500615,-1,0.0
C-102873-2379-50,2,1,1,0,0.4694433333333165,-154.08754166666668,-0.49320801477437987,-1,0.0
C-40089-3949-23,2,1,1,0,0.4007835714285761,-154.15620142857142,-0.46755758991324126,-1,0.0
C-176667-771-3,2,1,1,0,0.3426134999999988,-154.2143715,-0.5190379996227651,-1,0.0
C-142769-958-48,2,1,1,0,0.4511875000000032,-154.1057975,-0.5167564347112971,-1,0.0
C-193907-1650-45,2,1,1,0,0.4634578571428562,-154.09352714285714,-0.5094838876537724,-1,0.0
C-47660-7998-48,2,1,1,0,0.3947687499999972,-154.16221625,-0.47969539278148043,-1,0.0
C-126165-3752-16,2,1,1,0,0.3425156666666566,-154.21446933333334,-0.5093494438766202,-1,0.0
C-90802-910-37,2,1,1,0,0.2368150000000071,-154.32017,-0.5006371785643043,-1,0.0
C-9634-3764-21,2,1,1,0,0.3888906249999877,-154.168094375,-0.5170134560111069,-1,0.0
C-56497-2641-4,2,1,1,0,0.4615583333333291,-154.09542666666667,-0.5260730442302765,-1,0.0
C-72724-7897-22,2,1,1,0,0.0108564285714294,-154.54612857142857,-0.5037830800191957,-1,0.0
C-148232-7880-45,2,1,1,0,0.3576337499999908,-154.19935125,-0.48842818765688484,-1,0.0
C-40116-9251-34,2,1,1,0,0.4114179999999976,-154.145567,-0.4948427435958132,-1,0.0
C-170352-5915-35,2,1,1,0,0.2163885714285811,-154.34059642857142,-0.49332911207454233,-1,0.0
C-102860-4456-7,2,1,1,0,0.3347400000000107,-154.222245,-0.48962893359458814,-1,0.0
C-80172-9169-32,2,1,1,0,0.4372758333333308,-154.11970916666667,-0.5266983883055586,-1,0.0
C-28252-6084-19,2,1,1,0,0.3564806666666698,-154.20050433333333,-0.516118242923992,-1,0.0
C-9646-232-62,2,1,1,0,0.4523212500000113,-154.10466375,-0.5221402216926776,-1,0.0
C-177230-2077-58,2,1,1,0,0.4171291666666548,-154.13985583333334,-0.49956358127722983,-1,0.0
C-57122-6468-14,2,1,1,0,0.43982062500001,-154.117164375,-0.5206756221151008,-1,0.0
C-56501-2516-19,2,1,1,0,0.397199999999998,-154.159785,-0.5205141529777778,-1,0.0
C-73631-2702-36,2,1,1,0,0.4219356250000032,-154.135049375,-0.4943459708066528,-1,0.0
C-130250-9835-41,2,1,1,0,0.4683088888888846,-154.0886761111111,-0.5174220418903119,-1,0.0
C-170888-2365-14,2,1,1,0,0.3233737500000018,-154.23361125,-0.5020092550426514,-1,0.0
C-47631-7826-30,2,1,1,0,0.3863883333333149,-154.17059666666668,-0.47745553722139383,-1,0.0
C-177266-9827-39,2,1,1,0,0.4839912500000025,-154.07299375,-0.4902100153768972,-1,0.0
C-90858-8157-40,2,1,1,0,0.4715075000000013,-154.0854775,-0.5228507408783868,-1,0.0
C-142763-5042-53,2,1,1,0,0.2275758333333328,-154.32940916666666,-0.497069755967432,-1,0.0
C-136219-6599-47,2,1,1,0,0.411372857142851,-154.14561214285715,-0.5042879686814857,-1,0.0
C-142744-7221-23,2,1,1,0,0.1489658333333352,-154.40801916666666,-0.48641359560323727,-1,0.0
C-9586-1605-49,2,1,1,0,0.4479158333333259,-154.10906916666667,-0.5194535616851765,-1,0.0
C-106851-9046-19,2,0,1,1,0.1302987500000085,-154.42668625,-0.5852215391166851,0,0.4741876049196487
C-150717-6846-37,2,1,1,0,0.4567294444444485,-154.10025555555555,-0.5256402748786074,-1,0.0
C-134197-4068-28,2,1,1,0,0.1653318749999925,-154.391653125,-0.5162250370721144,-1,0.0
C-9586-1605-1,2,0,1,1,0.1028493750000052,-154.454135625,-0.5631287070584166,0,0.4994673545403689
C-176661-8591-28,2,1,1,0,0.3590421428571346,-154.19794285714286,-0.4979525289053644,-1,0.0
C-76044-1310-20,2,1,1,0,0.3973491666666575,-154.15963583333334,-0.5016297466263182,-1,0.0
C-142783-5832-13,2,1,1,0,0.414244999999994,-154.14274,-0.512091569925301,-1,0.0
C-56510-2784-37,2,1,1,0,0.407282500000008,-154.1497025,-0.4959866060399934,-1,0.0
C-184066-1258-46,2,1,1,0,0.3589164999999923,-154.1980685,-0.5166163802006503,-1,0.0
C-102877-398-16,2,1,1,0,0.4686450000000093,-154.08834,-0.49077134505255954,-1,0.0
C-189692-2339-36,2,1,1,0,0.2881935714285646,-154.26879142857143,-0.5174536569585949,-1,0.0
C-170888-2365-32,2,1,1,0,0.4443100000000015,-154.112675,-0.47408560774291225,-1,0.0
C-90858-8157-22,2,1,1,0,0.3674550000000067,-154.18953,-0.48619920207866163,-1,0.0
C-142785-5183-57,2,1,1,0,0.3547512499999925,-154.20223375,-0.49456364934606123,-1,0.0
C-113041-727-12,2,1,1,0,0.3854800000000011,-154.171505,-0.5268780109852623,-1,0.0
C-92116-7433-45,2,1,1,0,0.437724285714296,-154.1192607142857,-0.5184447501571273,-1,0.0
C-53844-8150-42,2,1,1,0,0.3100971666666794,-154.24688783333332,-0.4865278253831511,-1,0.0
C-40124-9886-12,2,1,1,0,0.3058726666666587,-154.25111233333334,-0.48643757063923454,-1,0.0
C-90817-5730-47,2,1,1,0,0.4433474999999873,-154.1136375,-0.512079829729525,-1,0.0
C-90815-4602-34,2,1,1,0,0.3015924999999981,-154.2553925,-0.5136080695181906,-1,0.0
C-79930-5130-64,2,0,1,1,0.3706674999999961,-154.1863175,-0.5828558572475904,0,0.4826475148362535
C-73626-2668-52,2,1,1,0,0.3940687500000024,-154.16291625,-0.5239089952435704,-1,0.0
C-72720-4972-48,2,1,1,0,0.2880790000000104,-154.268906,-0.4959472356832708,-1,0.0
C-107754-5821-41,2,1,1,0,0.1893168750000029,-154.367668125,-0.5263096518344742,-1,0.0
C-92148-9593-21,2,1,1,0,0.3157823333333169,-154.24120266666668,-0.5104842436571609,-1,0.0
C-90863-258-41,2,1,1,0,0.0151150000000086,-154.54187,-0.517013752965197,-1,0.0
C-92105-6529-2,2,1,1,0,0.3125614285714277,-154.24442357142857,-0.5072016361343253,-1,0.0
C-28248-2845-29,2,1,1,0,0.2689649999999801,-154.28802000000002,-0.50250149292785,-1,0.0
C-79899-8009-46,2,1,1,0,0.3983138888888788,-154.15867111111112,-0.4966625804115547,-1,0.0
C-72732-3061-23,2,1,1,0,0.2440643333333412,-154.31292066666666,-0.5053054458231705,-1,0.0
C-34611-1398-68,2,1,1,0,0.0122531250000008,-154.544731875,-0.5090666354537806,-1,0.0
C-91032-4468-47,2,1,1,0,0.4850594444444311,-154.07192555555557,-0.4963937196013337,-1,0.0
C-57162-5454-12,2,1,1,0,0.2329031250000071,-154.324081875,-0.5080147714065235,-1,0.0
C-170374-5689-22,2,1,1,0,0.2757707142857271,-154.28121428571427,-0.5259468114869184,-1,0.0
